<?xml version="1.0" encoding="UTF-8"?>
<GenRun Id="synth_1" LaunchPart="xc7a100ticsg324-1L" LaunchTime="1610967869">
  <File Type="PA-TCL" Name="Turbo_Enc.tcl"/>
  <File Type="RDS-PROPCONSTRS" Name="Turbo_Enc_drc_synth.rpt"/>
  <File Type="REPORTS-TCL" Name="Turbo_Enc_reports.tcl"/>
  <File Type="RDS-RDS" Name="Turbo_Enc.vds"/>
  <File Type="RDS-UTIL" Name="Turbo_Enc_utilization_synth.rpt"/>
  <File Type="RDS-UTIL-PB" Name="Turbo_Enc_utilization_synth.pb"/>
  <File Type="RDS-DCP" Name="Turbo_Enc.dcp"/>
  <File Type="VDS-TIMINGSUMMARY" Name="Turbo_Enc_timing_summary_synth.rpt"/>
  <File Type="VDS-TIMING-PB" Name="Turbo_Enc_timing_summary_synth.pb"/>
  <FileSet Name="sources" Type="DesignSrcs" RelSrcDir="$PSRCDIR/sources_1">
    <Filter Type="Srcs"/>
    <File Path="$PSRCDIR/sources_1/new/Enc1.vhd">
      <FileInfo>
        <Attr Name="UsedIn" Val="synthesis"/>
        <Attr Name="UsedIn" Val="simulation"/>
      </FileInfo>
    </File>
    <File Path="$PPRDIR/../S_random_interleaver/S_random_interleaver.srcs/sources_1/new/interleaver.vhd">
      <FileInfo>
        <Attr Name="UsedIn" Val="synthesis"/>
        <Attr Name="UsedIn" Val="simulation"/>
      </FileInfo>
    </File>
    <File Path="$PSRCDIR/sources_1/new/Turbo_Enc.vhd">
      <FileInfo>
        <Attr Name="UsedIn" Val="synthesis"/>
        <Attr Name="UsedIn" Val="simulation"/>
      </FileInfo>
    </File>
    <File Path="$PPRDIR/../RSCE/RSCE.srcs/sources_1/new/Encoder.vhd">
      <FileInfo>
        <Attr Name="AutoDisabled" Val="1"/>
        <Attr Name="UsedIn" Val="synthesis"/>
        <Attr Name="UsedIn" Val="simulation"/>
      </FileInfo>
    </File>
    <Config>
      <Option Name="DesignMode" Val="RTL"/>
      <Option Name="TopModule" Val="Turbo_Enc"/>
      <Option Name="TopAutoSet" Val="TRUE"/>
    </Config>
  </FileSet>
  <FileSet Name="constrs_in" Type="Constrs" RelSrcDir="$PSRCDIR/constrs_1">
    <Filter Type="Constrs"/>
    <Config>
      <Option Name="ConstrsType" Val="XDC"/>
    </Config>
  </FileSet>
  <FileSet Name="utils" Type="Utils" RelSrcDir="$PSRCDIR/utils_1">
    <Filter Type="Utils"/>
    <Config>
      <Option Name="TopAutoSet" Val="TRUE"/>
    </Config>
  </FileSet>
  <Strategy Version="1" Minor="2">
    <StratHandle Name="Vivado Synthesis Defaults" Flow="Vivado Synthesis 2020"/>
    <Step Id="synth_design"/>
  </Strategy>
  <BlockFileSet Type="BlockSrcs" Name="vio_0"/>
</GenRun>
