<?xml version="1.0" encoding="UTF-8"?>
<GenRun Id="impl_1" LaunchPart="xc7a100ticsg324-1L" LaunchTime="1610967869">
  <File Type="BITSTR-BMM" Name="Turbo_Enc_bd.bmm"/>
  <File Type="OPT-METHODOLOGY-DRC" Name="Turbo_Enc_methodology_drc_opted.rpt"/>
  <File Type="INIT-TIMING" Name="Turbo_Enc_timing_summary_init.rpt"/>
  <File Type="ROUTE-PWR" Name="Turbo_Enc_power_routed.rpt"/>
  <File Type="PA-TCL" Name="Turbo_Enc.tcl"/>
  <File Type="OPT-TIMING" Name="Turbo_Enc_timing_summary_opted.rpt"/>
  <File Type="OPT-DCP" Name="Turbo_Enc_opt.dcp"/>
  <File Type="ROUTE-PWR-SUM" Name="Turbo_Enc_power_summary_routed.pb"/>
  <File Type="REPORTS-TCL" Name="Turbo_Enc_reports.tcl"/>
  <File Type="OPT-DRC" Name="Turbo_Enc_drc_opted.rpt"/>
  <File Type="OPT-HWDEF" Name="Turbo_Enc.hwdef"/>
  <File Type="PWROPT-DCP" Name="Turbo_Enc_pwropt.dcp"/>
  <File Type="PWROPT-DRC" Name="Turbo_Enc_drc_pwropted.rpt"/>
  <File Type="PWROPT-TIMING" Name="Turbo_Enc_timing_summary_pwropted.rpt"/>
  <File Type="PLACE-DCP" Name="Turbo_Enc_placed.dcp"/>
  <File Type="PLACE-IO" Name="Turbo_Enc_io_placed.rpt"/>
  <File Type="PLACE-CLK" Name="Turbo_Enc_clock_utilization_placed.rpt"/>
  <File Type="PLACE-UTIL" Name="Turbo_Enc_utilization_placed.rpt"/>
  <File Type="PLACE-UTIL-PB" Name="Turbo_Enc_utilization_placed.pb"/>
  <File Type="PLACE-CTRL" Name="Turbo_Enc_control_sets_placed.rpt"/>
  <File Type="PLACE-SIMILARITY" Name="Turbo_Enc_incremental_reuse_placed.rpt"/>
  <File Type="PLACE-PRE-SIMILARITY" Name="Turbo_Enc_incremental_reuse_pre_placed.rpt"/>
  <File Type="PLACE-TIMING" Name="Turbo_Enc_timing_summary_placed.rpt"/>
  <File Type="POSTPLACE-PWROPT-DCP" Name="Turbo_Enc_postplace_pwropt.dcp"/>
  <File Type="BG-BIN" Name="Turbo_Enc.bin"/>
  <File Type="POSTPLACE-PWROPT-TIMING" Name="Turbo_Enc_timing_summary_postplace_pwropted.rpt"/>
  <File Type="PHYSOPT-DCP" Name="Turbo_Enc_physopt.dcp"/>
  <File Type="PHYSOPT-DRC" Name="Turbo_Enc_drc_physopted.rpt"/>
  <File Type="BITSTR-MSK" Name="Turbo_Enc.msk"/>
  <File Type="PHYSOPT-TIMING" Name="Turbo_Enc_timing_summary_physopted.rpt"/>
  <File Type="ROUTE-ERROR-DCP" Name="Turbo_Enc_routed_error.dcp"/>
  <File Type="ROUTE-DCP" Name="Turbo_Enc_routed.dcp"/>
  <File Type="ROUTE-BLACKBOX-DCP" Name="Turbo_Enc_routed_bb.dcp"/>
  <File Type="ROUTE-DRC" Name="Turbo_Enc_drc_routed.rpt"/>
  <File Type="ROUTE-DRC-PB" Name="Turbo_Enc_drc_routed.pb"/>
  <File Type="ROUTE-DRC-RPX" Name="Turbo_Enc_drc_routed.rpx"/>
  <File Type="BITSTR-MMI" Name="Turbo_Enc.mmi"/>
  <File Type="ROUTE-METHODOLOGY-DRC" Name="Turbo_Enc_methodology_drc_routed.rpt"/>
  <File Type="ROUTE-METHODOLOGY-DRC-RPX" Name="Turbo_Enc_methodology_drc_routed.rpx"/>
  <File Type="ROUTE-METHODOLOGY-DRC-PB" Name="Turbo_Enc_methodology_drc_routed.pb"/>
  <File Type="ROUTE-PWR-RPX" Name="Turbo_Enc_power_routed.rpx"/>
  <File Type="ROUTE-STATUS" Name="Turbo_Enc_route_status.rpt"/>
  <File Type="ROUTE-STATUS-PB" Name="Turbo_Enc_route_status.pb"/>
  <File Type="ROUTE-TIMINGSUMMARY" Name="Turbo_Enc_timing_summary_routed.rpt"/>
  <File Type="ROUTE-TIMING-PB" Name="Turbo_Enc_timing_summary_routed.pb"/>
  <File Type="ROUTE-TIMING-RPX" Name="Turbo_Enc_timing_summary_routed.rpx"/>
  <File Type="ROUTE-SIMILARITY" Name="Turbo_Enc_incremental_reuse_routed.rpt"/>
  <File Type="ROUTE-CLK" Name="Turbo_Enc_clock_utilization_routed.rpt"/>
  <File Type="ROUTE-BUS-SKEW" Name="Turbo_Enc_bus_skew_routed.rpt"/>
  <File Type="ROUTE-BUS-SKEW-PB" Name="Turbo_Enc_bus_skew_routed.pb"/>
  <File Type="ROUTE-BUS-SKEW-RPX" Name="Turbo_Enc_bus_skew_routed.rpx"/>
  <File Type="POSTROUTE-PHYSOPT-DCP" Name="Turbo_Enc_postroute_physopt.dcp"/>
  <File Type="POSTROUTE-PHYSOPT-BLACKBOX-DCP" Name="Turbo_Enc_postroute_physopt_bb.dcp"/>
  <File Type="POSTROUTE-PHYSOPT-TIMING" Name="Turbo_Enc_timing_summary_postroute_physopted.rpt"/>
  <File Type="POSTROUTE-PHYSOPT-TIMING-PB" Name="Turbo_Enc_timing_summary_postroute_physopted.pb"/>
  <File Type="POSTROUTE-PHYSOPT-TIMING-RPX" Name="Turbo_Enc_timing_summary_postroute_physopted.rpx"/>
  <File Type="POSTROUTE-PHYSOPT-BUS-SKEW" Name="Turbo_Enc_bus_skew_postroute_physopted.rpt"/>
  <File Type="POSTROUTE-PHYSOPT-BUS-SKEW-PB" Name="Turbo_Enc_bus_skew_postroute_physopted.pb"/>
  <File Type="BG-BIT" Name="Turbo_Enc.bit"/>
  <File Type="POSTROUTE-PHYSOPT-BUS-SKEW-RPX" Name="Turbo_Enc_bus_skew_postroute_physopted.rpx"/>
  <File Type="BITSTR-RBT" Name="Turbo_Enc.rbt"/>
  <File Type="BITSTR-NKY" Name="Turbo_Enc.nky"/>
  <File Type="PDI-FILE" Name="Turbo_Enc.pdi"/>
  <File Type="RCFI_FILE" Name="Turbo_Enc.rcfi"/>
  <File Type="CFI_FILE" Name="Turbo_Enc.cfi"/>
  <File Type="RNPI_FILE" Name="Turbo_Enc.rnpi"/>
  <File Type="NPI_FILE" Name="Turbo_Enc.npi"/>
  <File Type="RBD_FILE" Name="Turbo_Enc.rbd"/>
  <File Type="BITSTR-LTX" Name="debug_nets.ltx"/>
  <File Type="BITSTR-LTX" Name="Turbo_Enc.ltx"/>
  <File Type="BITSTR-SYSDEF" Name="Turbo_Enc.sysdef"/>
  <File Type="BG-BGN" Name="Turbo_Enc.bgn"/>
  <File Type="BG-DRC" Name="Turbo_Enc.drc"/>
  <File Type="RDI-RDI" Name="Turbo_Enc.vdi"/>
  <File Type="WBT-USG" Name="usage_statistics_webtalk.html"/>
  <FileSet Name="sources" Type="DesignSrcs" RelSrcDir="$PSRCDIR/sources_1">
    <Filter Type="Srcs"/>
    <File Path="$PSRCDIR/sources_1/new/Enc1.vhd">
      <FileInfo>
        <Attr Name="UsedIn" Val="synthesis"/>
        <Attr Name="UsedIn" Val="simulation"/>
      </FileInfo>
    </File>
    <File Path="$PPRDIR/../S_random_interleaver/S_random_interleaver.srcs/sources_1/new/interleaver.vhd">
      <FileInfo>
        <Attr Name="UsedIn" Val="synthesis"/>
        <Attr Name="UsedIn" Val="simulation"/>
      </FileInfo>
    </File>
    <File Path="$PSRCDIR/sources_1/new/Turbo_Enc.vhd">
      <FileInfo>
        <Attr Name="UsedIn" Val="synthesis"/>
        <Attr Name="UsedIn" Val="simulation"/>
      </FileInfo>
    </File>
    <File Path="$PPRDIR/../RSCE/RSCE.srcs/sources_1/new/Encoder.vhd">
      <FileInfo>
        <Attr Name="AutoDisabled" Val="1"/>
        <Attr Name="UsedIn" Val="synthesis"/>
        <Attr Name="UsedIn" Val="simulation"/>
      </FileInfo>
    </File>
    <Config>
      <Option Name="DesignMode" Val="RTL"/>
      <Option Name="TopModule" Val="Turbo_Enc"/>
      <Option Name="TopAutoSet" Val="TRUE"/>
    </Config>
  </FileSet>
  <FileSet Name="constrs_in" Type="Constrs" RelSrcDir="$PSRCDIR/constrs_1">
    <Filter Type="Constrs"/>
    <Config>
      <Option Name="ConstrsType" Val="XDC"/>
    </Config>
  </FileSet>
  <FileSet Name="utils" Type="Utils" RelSrcDir="$PSRCDIR/utils_1">
    <Filter Type="Utils"/>
    <Config>
      <Option Name="TopAutoSet" Val="TRUE"/>
    </Config>
  </FileSet>
  <Strategy Version="1" Minor="2">
    <StratHandle Name="Vivado Implementation Defaults" Flow="Vivado Implementation 2020"/>
    <Step Id="init_design"/>
    <Step Id="opt_design"/>
    <Step Id="power_opt_design"/>
    <Step Id="place_design"/>
    <Step Id="post_place_power_opt_design"/>
    <Step Id="phys_opt_design"/>
    <Step Id="route_design"/>
    <Step Id="post_route_phys_opt_design"/>
    <Step Id="write_bitstream"/>
  </Strategy>
  <BlockFileSet Type="BlockSrcs" Name="vio_0"/>
</GenRun>
